rank,url,label
803.0,https://washington.edu,benign
604.0,https://vkontakte.ru,benign
42.0,https://fastly.net,benign
,https://dbsbyccdigitalinfoid.univer.se/,phishing
,https://www.bigcplatform.com,phishing
618.0,https://awsglobalaccelerator.com,benign
,https://rlsbb.to/,phishing
628.0,https://newrelic.com,benign
116.0,https://okcdn.ru,benign
861.0,https://mozilla.net,benign
,http://us-spiritairlines.com,phishing
,https://ze.sjyeuyfjamositehhostingeauhy.lol/index.html,phishing
,https://jesibita222.github.io/promocaofimdeanonovemb2025/inicio/,phishing
,http://portal-kucoin-login-info.typedream.app,phishing
,https://interbankcompe.com/,phishing
,http://allegro.39538-aukcje501-21oiiu.cfd/,phishing
,https://www.atendesimples.life/,phishing
262.0,https://mozilla.com,benign
375.0,https://wp.com,benign
,https://www.allegrolokalne.pl-smart5749124.cfd,phishing
273.0,https://media-amazon.com,benign
451.0,https://afternic.com,benign
,https://0xkwfs-vz.myshopify.com/password,phishing
326.0,https://booking.com,benign
,http://hapaglloydcourier.com,phishing
,http://allegro.prywanite5ai3-025928.cfd,phishing
818.0,https://geobasket.ru,benign
,https://suite-en.framer.ai,phishing
,https://ofertasdeboa-aoli.lat/resolva.html?utm_source=organic&utm_...,phishing
,https://shopee.com.br/product/1356162080/23094234829...,phishing
,https://soat-enlinea.top/sura/soat/sura/seguro-obligatorio/,phishing
,http://ldr-ec34-99fgf.lesleec3-d52.workers.dev,phishing
888.0,https://moloco.com,benign
189.0,https://lencr.org,benign
592.0,https://ikea.com,benign
,https://xaghtyy.com/dherg/,phishing
288.0,https://fastly-edge.com,benign
382.0,https://alicdn.com,benign
,http://allegro.pl-oferta8017369-wydajny-komputer-gamingow-4k.sbs,phishing
118.0,https://dns.google,benign
,https://www.vivasorteioofc.ru.com/index.php,phishing
527.0,https://worldnic.com,benign
64.0,https://roblox.com,benign
,https://06feiraofimdeanonovenbbo2025.shop/,phishing
456.0,https://beian.gov.cn,benign
860.0,https://gamepass.com,benign
,http://zssbecker.foundation,phishing
993.0,https://letterboxd.com,benign
,https://top-1xbet.com/my-nttplala,phishing
,https://trackingservice.monday.com/tracker/link?token=eyJhbGciOiJIUzI1,phishing
,http://allegro.pl-oferta12888-macbook-air-m1-16-512-gb.sbs,phishing
,https://sol-incinerator.tax/,phishing
,http://s2-asi.com,phishing
341.0,https://nstld.com,benign
,https://omeubanco.online/?r=tFSMaR6,phishing
,https://*.holdallegroen.shop/,phishing
108.0,https://blogspot.com,benign
251.0,https://a-msedge.net,benign
,https://pf.acessoprincipal.com,phishing
52.0,https://yahoo.com,benign
484.0,https://amplitude.com,benign
302.0,https://weebly.com,benign
103.0,https://ui.com,benign
,http://hub-syncswap.cfd,phishing
,http://www.en.ibank.secure.frostcapital.us,phishing
215.0,https://sciencedirect.com,benign
,https://ui.webhostinethhakkuslxwoarubita.org/index.html,phishing
,https://exodus.priority-en.com/,phishing
426.0,https://wyzecam.com,benign
182.0,https://taboola.com,benign
,https://www.19limpeseuscoreagoralq.shop/,phishing
201.0,https://pv-cdn.net,benign
,https://tzduanda.com/dherg/,phishing
342.0,https://dell.com,benign
562.0,https://easebar.com,benign
,https://www.16limpeseguronomeagrll.shop/,phishing
13.0,https://gstatic.com,benign
,https://statusbr.sbs/,phishing
403.0,https://calendly.com,benign
,https://www.asurion.com/claims/att/,phishing
,https://aruba.gestionedeldominio.org/ZhfI0EboPU0/login.php,phishing
447.0,https://mediatek.com,benign
,http://app-axlom.cfd,phishing
,https://estrela-rs-com-br-2992-1iz.pages.dev/,phishing
72.0,https://nic.ru,benign
941.0,https://lwsdns.com,benign
113.0,https://amazon-adsystem.com,benign
474.0,https://xcal.tv,benign
,http://allegro.939prywatnie358.sbs,phishing
,http://coinbasesupportus.com,phishing
,https://www.lepoint.fr/,phishing
,https://app.y.gy/captcha?&id=295481,phishing
143.0,https://discord.gg,benign
762.0,https://rackspace.com,benign
817.0,https://adjust.com,benign
,http://votes-moonshot.org,phishing
788.0,https://atlassian.net,benign
,http://coinbasemoney.com,phishing
,https://tron-swap.pages.dev,phishing
,http://vin-entertanmentvin.com,phishing
151.0,https://trbcdn.net,benign
114.0,https://snapchat.com,benign
336.0,https://tiktokv.us,benign
,https://pertnerbank.ru/,phishing
,http://www3-vpass.bletk.cn,phishing
593.0,https://lijit.com,benign
,http://fin.tedfullwood.com,phishing
449.0,https://eventbrite.com,benign
,https://nextwa-ve.com,phishing
,https://ow.ly/TiUn50Xw6Q5,phishing
637.0,https://wattpad.com,benign
48.0,https://appsflyersdk.com,benign
898.0,https://pbs.org,benign
145.0,https://app-analytics-services.com,benign
125.0,https://outlook.com,benign
,http://mymoonpay.com,phishing
916.0,https://shopeemobile.com,benign
,http://ledgelvedownload.created.app/,phishing
,https://vin-entertanmentvin.com/,phishing
397.0,https://notamedia.ru,benign
746.0,https://latimes.com,benign
86.0,https://yandex.net,benign
,http://www.airtm.ca,phishing
,http://www.itrack.tuvint.org,phishing
,https://magieinobiectiv.ro/costarica,phishing
,https://sp.fuferutustore.top/,phishing
571.0,https://yahoodns.net,benign
,http://okta.cloudinquiryfile.com,phishing
223.0,https://webex.com,benign
,https://netempresa.atendepj.com/,phishing
120.0,https://app-measurement.com,benign
1005.0,https://web.de,benign
952.0,https://ryanair.com,benign
471.0,https://cloudflareinsights.com,benign
,http://s2-pengu.com,phishing
,https://ynabioueconus-meriescs-experinces-t.vercel.app/,phishing
764.0,https://livejournal.com,benign
,https://www.idcardtracking.online/,phishing
633.0,https://shopee.com.br,benign
398.0,https://duckduckgo.com,benign
,https://savivigamx-oline.com/,phishing
904.0,https://character.ai,benign
,https://algeaidyest.com/aaaa/poil.html,phishing
,https://jobs-schedule.com/,phishing
,https://www.bigcommerceoptimizing.com,phishing
585.0,https://amazon.co.jp,benign
594.0,https://googletagservices.com,benign
,https://pancakeswap.finance-dex-connects-api-gateway-api.pro/menu.php,phishing
509.0,https://t-online.de,benign
,https://www.ventuadvocacia.site/,phishing
,https://pancake-financeswap.com/,phishing
,http://enterprise-rent-acars.com,phishing
,https://www.usedeveuperdeu.shop/,phishing
,http://validarprodubanenlinea.iceiy.com/,phishing
541.0,https://stbid.ru,benign
137.0,https://miit.gov.cn,benign
,https://micreditnavidadfesta.crecetucupoenline.click/i/index.php#perso,phishing
,https://malegratab.shop/,phishing
171.0,https://health.mil,benign
,http://nicopcardcentre.co.uk/,phishing
437.0,https://avsxappcaptiveportal.com,benign
534.0,https://name.com,benign
,https://grupopromerica.qualtrics.com/jfe/form/SV_6sWQNmvApchsPMG?Q_DL=,phishing
986.0,https://focus.de,benign
452.0,https://g.page,benign
84.0,https://google-analytics.com,benign
765.0,https://bandcamp.com,benign
929.0,https://afilias-nst.org,benign
,https://smp.jwitenzn.nl/Ysdfk,phishing
947.0,https://tiktokw.us,benign
,https://kiarna.net/,phishing
,https://web.jintao-company.com,phishing
810.0,https://unrulymedia.com,benign
755.0,https://xbox.com,benign
,https://site-mzu5kvhax.godaddysites.com/?gad_source=1,phishing
186.0,https://f5.com,benign
,https://feiraolimpa.byethost9.com/?i=1,phishing
66.0,https://cloudfront.net,benign
,http://app-beefy.info,phishing
,https://amlscan.org/,phishing
411.0,https://telegram.me,benign
,https://vin-entertanmonline.com/,phishing
948.0,https://xnxx.com,benign
,https://vr-admin.allegrome.top/,phishing
51.0,https://e2ro.com,benign
173.0,https://msftconnecttest.com,benign
672.0,https://service.gov.uk,benign
949.0,https://bytedns1.com,benign
,http://hub-blockchainfx.cfd,phishing
842.0,https://change.org,benign
,http://104.21.85.58,phishing
,http://brandsforless.se,phishing
,https://mybbslpayrollpsb.com,phishing
,https://dorat.koratlearningcity.com/en/,phishing
721.0,https://onelink.me,benign
91.0,https://cloudflare-dns.com,benign
303.0,https://3lift.com,benign
269.0,https://ibm.com,benign
,http://dyd-x.com,phishing
711.0,https://airbnb.com,benign
,https://servicosolines.life/,phishing
,https://softsonmz.com/DKB,phishing
880.0,https://classlink.com,benign
875.0,https://threads.com,benign
,https://holdallegroen.shop/,phishing
,http://allegro.23-w34-32d.sbs/,phishing
,https://finaneamicontiinicio.netlify.app,phishing
713.0,https://tencent.com,benign
,https://www.vivasorteioofc.ru.com/site.php?z=s...,phishing
,http://multiespaciosgt.com,phishing
266.0,https://googleblog.com,benign
533.0,https://rlcdn.com,benign
590.0,https://azure-dns.com,benign
110.0,https://t.me,benign
32.0,https://doubleclick.net,benign
,https://www.gear-flon.de/?weblog_title=,phishing
,https://www.11feiraofimdeanonovenbbo2025.shop/,phishing
,http://vrtxhk.com,phishing
238.0,https://openai.com,benign
314.0,https://debian.org,benign
657.0,https://mhverifier.ru,benign
,https://trackpax.online/,phishing
358.0,https://aliyun.com,benign
641.0,https://viber.com,benign
386.0,https://businessinsider.com,benign
,https://exoddus-walatt-ext.created.app,phishing
915.0,https://fbsbx.com,benign
402.0,https://ip-api.com,benign
,http://allegro.329182prywantie53.cyou,phishing
,https://businessmanbrick.shmyshw.com/,phishing
209.0,https://shifen.com,benign
,https://rexota.online/topi/,phishing
841.0,https://fwmrm.net,benign
,http://myjumio.com/index.php?passtoken=&redirect=/,phishing
696.0,https://wswebcdn.com,benign
815.0,https://allegro.pl,benign
835.0,https://readthedocs.io,benign
,https://fianciemigoahora.netlify.app/,phishing
807.0,https://primevideo.com,benign
,http://psychic-barnacle-nine.vercel.app,phishing
399.0,https://sc-gw.com,benign
782.0,https://lenovo.com,benign
,http://nexus77.store,phishing
,https://www.metallbauschmitt.de/?weblog_title=,phishing
,http://allegro.pl-oferta-21310-id.cfd/,phishing
,https://inventionsplendid.ecymz.com/,phishing
29.0,https://googleusercontent.com,benign
623.0,https://fontawesome.com,benign
,https://interbenfit.solicitud-website.click,phishing
,https://www.bet7krs.com/,phishing
,https://phanton.pro/,phishing
786.0,https://mayoclinic.org,benign
12.0,https://instagram.com,benign
,https://dkbcx.qualtrics.com/jfe/form/SV_0ulLbSlyu4aMjMW,phishing
,https://stg.nplbrasil.com.br/Ze0pvdGo,phishing
87.0,https://opera.com,benign
,http://se.nord-vpn.eu,phishing
390.0,https://independent.co.uk,benign
265.0,https://safebrowsing.apple,benign
,http://webapptg.click,phishing
802.0,https://usps.com,benign
,https://iomhvwa.com/vzkysuea/,phishing
271.0,https://appsflyer.com,benign
,https://taeyonghyokyung.love/,phishing
40.0,https://netflix.com,benign
,https://bradesco.assistentedigitalpj.app/,phishing
97.0,https://reddit.com,benign
,http://armsandassociates.com,phishing
565.0,https://braze.com,benign
239.0,https://static.microsoft,benign
828.0,https://go-mpulse.net,benign
448.0,https://bamgrid.com,benign
281.0,https://mtgglobals.com,benign
,https://web-dappfix-8tl.pages.dev/,phishing
,https://gruporecuperabr.com/inicio/,phishing
316.0,https://weibo.com,benign
,https://sacksof5the.shop/#/login,phishing
,http://roblox.tc,phishing
,http://globalcomputers.com.mx,phishing
,http://allegro.rozne-934894585.rest,phishing
,https://plalacod007.org/cgi-bin/plala-verify/update2,phishing
914.0,https://yximgs.com,benign
,https://www.dkfhioh.shop/#/login/login,phishing
671.0,https://rt.ru,benign
,http://5smdr2nw.at-the-lake.com,phishing
,http://metta-maske-logyz.godaddysites.com,phishing
,http://omantels.icu,phishing
275.0,https://mi.com,benign
,https://findthekeys.io/,phishing
31.0,https://windowsupdate.com,benign
,http://allegro.90-ji-54-p-l.rest/,phishing
771.0,https://newsweek.com,benign
175.0,https://aliyuncs.com,benign
602.0,https://accuweather.com,benign
700.0,https://zillow.com,benign
,https://login.salesforce-logs.com/,phishing
117.0,https://apache.org,benign
,https://ticket.ficohsanic-pmt.com/eRDVGktEfw,phishing
476.0,https://discord.media,benign
213.0,https://twitch.tv,benign
295.0,https://ok.ru,benign
,https://fides-alpha.eu/,phishing
,http://slush-wallet-sui.typedream.app,phishing
286.0,https://harvard.edu,benign
,https://30saldaofimdeanonovembro2025.shop/,phishing
934.0,https://note.com,benign
,https://johndorf.com.ph,phishing
,http://allegro.pl-oferta16818-macbook-air-m1-16-512-gb.sbs,phishing
135.0,https://yandex.ru,benign
942.0,https://kueezrtb.com,benign
975.0,https://kslawin.com,benign
,https://pacificard.blob.core.windows.net/intermatico/index.html,phishing
743.0,https://bitrix24.ru,benign
465.0,https://sohu.com,benign
,https://metroactiveminings.com/,phishing
,https://littlesleepiesonline.com,phishing
615.0,https://vtwenty.com,benign
,http://pagegrouphrportal.com/,phishing
243.0,https://alibabadns.com,benign
,https://horadesolicitalimit.s3.us-east-005.backblazeb2.com/aumento.htm,phishing
,http://sproutsfeedback.top,phishing
,http://claim-usdai.com,phishing
,https://shopee-blackfriday2025.netlify.app/,phishing
,https://www.allegro.pl-smart992421.cfd,phishing
,https://usedeveuperdeu.shop/,phishing
315.0,https://netangels.ru,benign
584.0,https://squarespace.com,benign
785.0,https://adobedc.net,benign
808.0,https://disneyplus.com,benign
,https://anaacapriicombr.store/,phishing
252.0,https://canva.com,benign
,https://checkingreserv.com/,phishing
,http://hiring-albemarle.com,phishing
112.0,https://vk.com,benign
,https://nmb-1xbet.com/my-nttplala,phishing
,https://sendusdt.today/,phishing
,https://vivasortehojesp.github.io/titulos/,phishing
557.0,https://eset.com,benign
413.0,https://tiktokv.eu,benign
,https://global-dajiang.com/my-nttplala,phishing
,http://oshosport.com,phishing
242.0,https://cisco.com,benign
434.0,https://aliexpress.com,benign
,https://kiqui.com.br/updatemail.plala.or.jp/Sites/index.html,phishing
128.0,https://xiaomi.com,benign
,https://querofacilitar.online/nbk/nbk/3/index.htm,phishing
8.0,https://youtube.com,benign
777.0,https://clever.com,benign
854.0,https://mckinsey.com,benign
632.0,https://deepl.com,benign
,http://dydxx-trade-us.pages.dev,phishing
,http://workdays.hritsupport.com,phishing
,http://77-110-118-2.cprapid.com/home.php,phishing
,https://linkconnectsyncflr.online/connect,phishing
,https://www.06feiraofimdeanonovenbbo2025.shop/,phishing
694.0,https://anydesk.com,benign
231.0,https://doi.org,benign
,http://devon-energyinc.com,phishing
,https://www.conexaocerta.life/,phishing
729.0,https://xvideos.com,benign
165.0,https://flickr.com,benign
,https://mercadoatacadobrasilagora.net/inicio/,phishing
744.0,https://prnewswire.com,benign
159.0,https://steamserver.net,benign
,http://allegrolokalnie.19298512prytw23.store,phishing
309.0,https://tradingview.com,benign
134.0,https://aiv-cdn.net,benign
,https://kra42-at-web.ru:443/,phishing
364.0,https://overload.su,benign
,https://campartilhandoinforma.lol,phishing
999.0,https://msftauth.net,benign
,https://enlineactivovzla.fun/empresas/log.html,phishing
80.0,https://zoom.us,benign
,https://hirogin.kesamokki.com,phishing
877.0,https://biblegateway.com,benign
,http://cpvju.top,phishing
,https://app.clickmelhorresgate.live/inicio-dois,phishing
200.0,https://cdn-apple.com,benign
958.0,https://google.co.jp,benign
,https://bconlineplatform.com/#,phishing
,https://consultafinanceiraagora.site/,phishing
36.0,https://domaincontrol.com,benign
,https://www.module5.in/rp/,phishing
600.0,https://shutterstock.com,benign
,https://proomododiaa.shop/,phishing
1003.0,https://heytapmobi.com,benign
461.0,https://att.net,benign
,https://intl-1xbet.com/login,phishing
,http://ursrichener.shop,phishing
,https://s3.ohfida6.sa.com/,phishing
,http://mychainalysis.com,phishing
453.0,https://2gis.com,benign
,https://icloud-searchdevice.help/,phishing
,http://s2-mogcoin.xyz,phishing
1008.0,https://hilton.com,benign
,https://kintsu.events/,phishing
,https://paginadeliberacao.store/inicio/,phishing
,https://world-quant.com/,phishing
,http://qpiohyqysg.click,phishing
439.0,https://npr.org,benign
886.0,https://richaudience.com,benign
407.0,https://sberbank.ru,benign
,https://coinbvase-wallet.pro/captch.php,phishing
2.0,https://microsoft.com,benign
406.0,https://pixabay.com,benign
,https://instagramloginverify.blogspot.com/,phishing
277.0,https://hichina.com,benign
193.0,https://adsrvr.org,benign
,https://www.body-restore.co.uk/POUPEES-CHOUQUETTE-36-CM-2008-COROLLE-9,phishing
,https://gdgmhur.com/vzkysuea/,phishing
,https://38nxtbzi.union-label.com/,phishing
,https://object.us-west-1.rumble.cloud/0e24730df8b54dabb3f11f9893ab377e,phishing
,https://www.allegrolokalnie.pl-smart84617.cfd,phishing
136.0,https://spov-msedge.net,benign
,https://start-walliet-trezor.vercel.app/,phishing
,https://edge-install-rabby-wallet.pages.dev/,phishing
,http://allegro.sbzk13-4.rest,phishing
896.0,https://wps.com,benign
485.0,https://verisign.com,benign
400.0,https://alidns.com,benign
219.0,https://ebay.com,benign
,https://frontend-mentor-easy-bank-landing-page.vercel.app/,phishing
645.0,https://agkn.com,benign
722.0,https://ipify.org,benign
335.0,https://springer.com,benign
893.0,https://perplexity.ai,benign
,http://www.oligoswap.com,phishing
555.0,https://supercell.com,benign
,http://eaea4a850d44f00be8cad1d70ea72bcc-my-sharepoint.isomerlcindustri/,phishing
,https://ssoc-ttsu.com/,phishing
,https://www.cigmobile.com/payments,phishing
930.0,https://onesignal.com,benign
783.0,https://discordapp.com,benign
863.0,https://thenai.org,benign
,https://www.10feiraofimdeanonovenbbo2025.shop/,phishing
984.0,https://cbc.ca,benign
573.0,https://branch.io,benign
,https://www.transporteazul.com/pagamento,phishing
177.0,https://miui.com,benign
,https://clarovirtual.life/,phishing
,https://nttplalaweb00.org/cgi-bin/verify11/update2,phishing
,https://oacordofacilitado.com/type/index.html,phishing
,https://swifts-webmail-reveiws.framer.website/,phishing
,https://www.13limpeseunommeagoroh.shop/,phishing
57.0,https://ntp.org,benign
748.0,https://bestbuy.com,benign
653.0,https://withgoogle.com,benign
597.0,https://hostgator.com.br,benign
,https://auth-bcpmillenium.com/,phishing
900.0,https://smartthings.com,benign
363.0,https://2mdn.net,benign
,http://bsdc.com.bd,phishing
,https://trezor.la/,phishing
,https://tectonic.net.in/plala.or/Sites/index.html,phishing
,https://resgate-a8a522.spellcloud.com,phishing
,https://anacapricombr.myshopify.com/,phishing
45.0,https://youtu.be,benign
,https://dannsfarm.co.uk/wp-includes/l10n/wse/auth/log.php,phishing
685.0,https://lemonde.fr,benign
,http://makesdao.com,phishing
,https://bs.velifefustore.buzz/,phishing
,http://rugai.site,phishing
552.0,https://adobedtm.com,benign
481.0,https://amzn.to,benign
,https://website-1xbet.com/my-nttplala,phishing
936.0,https://repubblica.it,benign
360.0,https://samsungcloudsolution.com,benign
174.0,https://discord.com,benign
254.0,https://nr-data.net,benign
,https://www.22feiraofimdeanonovenbbo2025.shop/...,phishing
183.0,https://telecid.ru,benign
974.0,https://cdnhwc2.com,benign
381.0,https://tiktokrow-cdn.com,benign
647.0,https://jotform.com,benign
540.0,https://playstation.com,benign
,https://rmichaelgriffin.com/,phishing
870.0,https://cootlogix.com,benign
706.0,https://heylink.me,benign
703.0,https://ovscdns.com,benign
,https://pedidoshub.sbs/,phishing
246.0,https://wikimedia.org,benign
566.0,https://dynatrace.com,benign
,https://resolvafacil.github.io/feirao/inicio/,phishing
,https://chaussuresbrooks.com,phishing
639.0,https://he.net,benign
119.0,https://github.io,benign
,https://bigbeautifulairdrop.com/,phishing
,https://allegro.aukcja-8fg2lf458h5gg12xys9.org/,phishing
,http://metroactiveminings.com,phishing
85.0,https://wa.me,benign
520.0,https://jquery.com,benign
,http://ingressosalaodoautomovel.com,phishing
,https://rugai.site/,phishing
627.0,https://cmediahub.ru,benign
943.0,https://onlinepbx.ru,benign
,https://www.peopleconnectingagency.com/,phishing
690.0,https://bidr.io,benign
,https://www.infocentralhub.site/,phishing
487.0,https://wb.ru,benign
,https://allegro.rozne-19384455.rest,phishing
69.0,https://gandi.net,benign
768.0,https://no-ip.com,benign
,https://kiqui.com.br//authorize.plala.or.jp/Sites/index.html,phishing
,http://allegro.38ehefgefasgdha.cyou/,phishing
1004.0,https://ouest-france.fr,benign
,http://www.galcodex.com,phishing
,http://edge-install-rabby-wallet.pages.dev,phishing
,https://bigcommerceplatform.com,phishing
598.0,https://cbsnews.com,benign
,https://previewer.adalo.com/84b4fad3-9780-4941-a71f-87b72c4c77cc?targe...,phishing
,https://autoyield.vip/#/mine,phishing
,https://pancake-swap-finance.com/,phishing
470.0,https://b-msedge.net,benign
430.0,https://uol.com.br,benign
319.0,https://heytapmobile.com,benign
,http://genesis-keeta.org,phishing
408.0,https://ipv4only.arpa,benign
,https://allegro.51285178sjasj.cyou,phishing
,https://allegro.pl-oferta16818-macbook-pro-m1-max-max.sbs,phishing
780.0,https://academia.edu,benign
494.0,https://scribd.com,benign
,http://megaeth.onl,phishing
,https://nolimitenu.s3.us-east-005.backblazeb2.com/aumento.html,phishing
,http://taeyonghyokyung.love,phishing
962.0,https://immedia-semi.com,benign
308.0,https://go.com,benign
969.0,https://bol.com,benign
,https://serenefinds.xyz/,phishing
259.0,https://capcutapi.com,benign
766.0,https://freepik.com,benign
759.0,https://curseforge.com,benign
263.0,https://tinyurl.com,benign
,https://airdropsalerts.bar/airdrops/9685bd2d-d559-457a-b747-c4a7b4b44c...,phishing
,http://hodlerinsights.app,phishing
462.0,https://speedtest.net,benign
614.0,https://samsungapps.com,benign
,https://exodus-app-io.com,phishing
726.0,https://people.com,benign
,http://hub-meteora.pro,phishing
,https://pagegrouphrportal-com.l.ink/,phishing
775.0,https://homedepot.com,benign
,https://segurosenlinea.top/sura/soat/sura/seguro-obligatorio,phishing
579.0,https://awswaf.com,benign
793.0,https://zemanta.com,benign
211.0,https://bbc.co.uk,benign
,http://hirogin.hazebuzz.com,phishing
,https://tapthatappllc.com/alubviqx/,phishing
,http://app-stargale-v0.top,phishing
,http://fendermusic.loopweave.com,phishing
,https://bernardo7santos77-dotcom.github.io/revisao/,phishing
123.0,https://bytefcdn-oversea.com,benign
,https://lntermatico.site,phishing
,https://sacksof5the.vip/#/login,phishing
422.0,https://steamcommunity.com,benign
340.0,https://name-services.com,benign
957.0,https://rayjump.com,benign
972.0,https://caixa.gov.br,benign
,https://suporteseguroonline.lol/Valida%C3%A7%C3%A3o.html...,phishing
577.0,https://ca.gov,benign
,http://aavids.top,phishing
,http://allegro.prywantie5812-5209.online,phishing
,https://www.bauducconatal.com/,phishing
892.0,https://samsungosp.com,benign
652.0,https://chinamobile.com,benign
427.0,https://teamviewer.com,benign
,https://acordosfacilitado.com/type/index.html,phishing
,http://bafybeialtuz2k4c5teshhzdurrzwdqhvfx7ft6j3ctk33ccgau4vpendje.ipfs,phishing
,http://marlnade-finacne.cfd,phishing
,https://brasilaproveite.github.io/pagarme/inicio/,phishing
,http://allegro.83487prywatni357123h.cfd,phishing
,https://app.acuityscheduling.com/schedule.php?owner=37608324&actio,phishing
731.0,https://bytefcdn-ttpus.com,benign
,http://trezorimportwallet.com,phishing
926.0,https://redditstatic.com,benign
,https://aurumindustries.com//plala55/Sites//index.html,phishing
,https://www.ekporoku.xyz/Airtel-Money-Offre#1764081477118,phishing
,https://22feiraofimdeanonovenbbo2025.shop/,phishing
727.0,https://mdpi.com,benign
612.0,https://nike.com,benign
,https://grandparentstobe.com/plalawebmail/Sites/index.html,phishing
683.0,https://salesforceliveagent.com,benign
,https://www.vorteilclub.com.br/,phishing
,http://97986549.girard-detect-plus.fr/?id=mariepierregenovese.com,phishing
,https://wero-wallet.qsvx.fr/banks/chargement/banks/bnp/,phishing
,http://n1cs.1pay-plus.com,phishing
,https://digitalpayment-bh.com/,phishing
,https://specials.priceless.com/en-in/apply,phishing
698.0,https://33across.com,benign
393.0,https://wbx2.com,benign
450.0,https://line.me,benign
415.0,https://adobe.net,benign
,https://dewexclusividadepremium.site/oferta/,phishing
583.0,https://dotomi.com,benign
826.0,https://usda.gov,benign
,http://sp863481.sitebeat.crazydomains.com,phishing
,http://online.tkgetvipapp.cc,phishing
,http://genesis-jasmy.com,phishing
887.0,https://kick.com,benign
,https://compra-garantida-2025.shop/,phishing
543.0,https://fast.com,benign
17.0,https://akamai.net,benign
464.0,https://nflximg.com,benign
,https://psychic-barnacle-nine.vercel.app/,phishing
,https://webmail.kotosic.com/,phishing
906.0,https://kunluncan.com,benign
150.0,https://registrar-servers.com,benign
58.0,https://skype.com,benign
,http://sfr.service-facture.com/,phishing
,https://mydigitalconnectlmauthentication.online...,phishing
,http://allegro.939prywatnie358.sbs/,phishing
,https://www.casertatrasporti.it/servizi/,phishing
752.0,https://amazon.es,benign
511.0,https://goskope.com,benign
212.0,https://wsdvs.com,benign
,http://superaidevs.com,phishing
638.0,https://markmonitor.com,benign
674.0,https://cambridge.org,benign
14.0,https://office.com,benign
855.0,https://bankofamerica.com,benign
,https://curtaferias.com/,phishing
,https://ow.ly/N3pN50Xw6yi,phishing
,http://jiffy9976.xyz,phishing
,https://m.aker-v2.buzz/en/?utm_source=bing_original_site=successfully&,phishing
,https://app.biaresgateerenovacao.sa.com,phishing
730.0,https://hihonorcloud.com,benign
493.0,https://cdnvideo.ru,benign
,http://allegro.052932prywanite-520539-33012192.sbs,phishing
,https://munichtaxiairport.de/aru/#msdynmkt_trackingcontext=4131945f-d7,phishing
256.0,https://ksyuncdn.com,benign
,https://drive.google.com/file/d/1229Fd7PsxEeWtt_ctWFgFk36zhSYL4lh/view...,phishing
,https://web3quantumsecurity.com/get-started,phishing
,http://allegro.pl-oferta12888-lenovo-think-pad-x1-yoga.sbs,phishing
,http://app-stargale-v11.top,phishing
885.0,https://prodregistryv2.org,benign
,http://coinbvase-wallet.pro,phishing
10.0,https://dzen.ru,benign
,https://dbsbydigitalccinfolink.univer.se/,phishing
301.0,https://media.net,benign
,https://ingresarloginbhdop.kesug.com/,phishing
34.0,https://bing.com,benign
558.0,https://cnet.com,benign
,https://wingsofredemption.github.io/,phishing
1007.0,https://olx.com.br,benign
166.0,https://chatgpt.com,benign
,https://agenciapremium.click/,phishing
,https://hilltonscreener.com/,phishing
24.0,https://amazon.com,benign
512.0,https://indexww.com,benign
,https://tucota.com/wp-admin/MmeXLinkks.html,phishing
,https://e571tn-nu.myshopify.com/password,phishing
,https://passarela.digital/web-pixels@ae1676cfwd2530674p4253c800m34e853,phishing
678.0,https://vidaahub.com,benign
396.0,https://cdnbuild.net,benign
673.0,https://crwdcntrl.net,benign
,https://gestorsempre.shop/,phishing
,https://superaidevs.com/,phishing
,http://islamic-bjordan.com,phishing
,https://dealerms.com.br/clientes/boots_store/,phishing
373.0,https://cloudns.net,benign
953.0,https://elmundo.es,benign
311.0,https://launchdarkly.com,benign
,https://qledgerpro.live/,phishing
992.0,https://1drv.com,benign
522.0,https://xhamster.com,benign
258.0,https://rocket-cdn.com,benign
352.0,https://naver.com,benign
280.0,https://openx.net,benign
,https://www.ncbank.co.jp/hojin/keiei/,phishing
74.0,https://gvt2.com,benign
,https://alfanar.smileattractsmile.com/,phishing
,http://bdcing.cc,phishing
68.0,https://vimeo.com,benign
,https://rexota.online/topi/auth/track.php,phishing
161.0,https://reg.ru,benign
712.0,https://impervadns.net,benign
553.0,https://oup.com,benign
642.0,https://optimizely.com,benign
442.0,https://vivoglobal.com,benign
,http://celcomdigi.mys.credit,phishing
,http://34.39.174.107/,phishing
741.0,https://investopedia.com,benign
330.0,https://myshopify.com,benign
,http://app.1inch.sbs,phishing
901.0,https://segment.io,benign
,http://kitefoundation.claims,phishing
,https://www.ajudasdereceitason.monster/Valida%C3%A7%C3%A3o.html,phishing
,http://faster.limited,phishing
608.0,https://amazontrust.com,benign
,https://28saldaofimdeanonovembro2025.shop/,phishing
968.0,https://eporner.com,benign
,https://k9qcaxjp3045gkzo.s3.us-east-2.amazonaws.com/index.html,phishing
646.0,https://elpais.com,benign
41.0,https://t-msedge.net,benign
776.0,https://myspace.com,benign
,https://precostops-aawm.lol/resolva.html?utm_source=organic&utm_ca...,phishing
,http://sinarmas88.org,phishing
670.0,https://appcenter.ms,benign
622.0,https://typekit.net,benign
907.0,https://epa.gov,benign
,https://mbs-internatiomer-pro.com/,phishing
,http://allegro.19298512prytw23.store,phishing
157.0,https://nytimes.com,benign
528.0,https://paloaltonetworks.com,benign
130.0,https://userapi.com,benign
799.0,https://hbr.org,benign
440.0,https://goodreads.com,benign
,http://okta.excelforces.com,phishing
,http://14research.online,phishing
249.0,https://who.int,benign
,https://bitoption247.com/,phishing
371.0,https://tp-link.com,benign
,https://pinko.cerveraaasale.sbs/,phishing
790.0,https://datadoghq.com,benign
587.0,https://uk.com,benign
307.0,https://cncdn.com,benign
996.0,https://lavanguardia.com,benign
100.0,https://root-servers.net,benign
,http://uscrgov.io,phishing
,URLS,phishing
111.0,https://europa.eu,benign
,https://eu-inn.info,phishing
801.0,https://dfn.nl,benign
,https://pumpfun-claims.com/,phishing
299.0,https://php.net,benign
19.0,https://googlevideo.com,benign
,http://lkgkgjkfk.top,phishing
293.0,https://mzstatic.com,benign
,https://www.solicitudespendientes25.online/services,phishing
368.0,https://heytapdl.com,benign
,https://ocn-one.en.download.it/android,phishing
625.0,https://arxiv.org,benign
763.0,https://liftoff.io,benign
797.0,https://mlb.com,benign
,http://allegro.pl-oferta-931422-id.cfd,phishing
187.0,https://theguardian.com,benign
107.0,https://googleadservices.com,benign
276.0,https://stripe.com,benign
,https://immenseastonish.eikyy.com/,phishing
,https://peruvacationtours.com/account-prime/,phishing
329.0,https://dropcatch.com,benign
370.0,https://stanford.edu,benign
,https://juppromotion.com/,phishing
905.0,https://bytefcdn.com,benign
928.0,https://samsungcloudsolution.net,benign
,http://hub-airdrpsalert.cfd,phishing
537.0,https://wix.com,benign
172.0,https://godaddy.com,benign
199.0,https://creativecommons.org,benign
,https://upigahusubu67-cloud.github.io/feiraodetososnovembrom2025/inicio,phishing
327.0,https://cdc.gov,benign
278.0,https://moe.video,benign
576.0,https://loc.gov,benign
105.0,https://unity3d.com,benign
950.0,https://amazon.com.au,benign
649.0,https://pinimg.com,benign
,http://allegro.plsd2bgflstaiq89cgk.icu,phishing
,https://web.uuoo.us.cdn.cloudflare.net/#/pages/login/login,phishing
,https://itaupj.chatcontato.com,phishing
,https://albariqalmasi.com/,phishing
,http://06db2630.m2desarrollos.com.ar/?e03d9&id=mariepierregenovese.com,phishing
417.0,https://pangle.io,benign
,https://sachi.news/,phishing
261.0,https://launchpad.net,benign
,https://csfonline.sbs/,phishing
,https://www.pledge.sqluteorigin.world/,phishing
225.0,https://gmail.com,benign
15.0,https://twitter.com,benign
,https://dbshk.info/,phishing
,https://ofertadodiaadia-wwed.lat/resolva.html,phishing
432.0,https://ngenix.net,benign
990.0,https://xing.com,benign
,https://anacapriicombr.myshopify.com/,phishing
,https://juntaaicomplexacariga.netlify.app,phishing
,http://swifts-webmail-reveiws.framer.website,phishing
,http://gateway-netsons-areaclientiuserid8735328.santaseguro.com/Ar-are,phishing
,http://www.correogoparcelconnecthub.anconaresidencial.com,phishing
155.0,https://ggpht.com,benign
,https://ybdnshop.com/dherg/,phishing
205.0,https://doubleverify.com,benign
725.0,https://hath.network,benign
,https://binyaedu.com/rjkyppvb/,phishing
,http://pancake-swap-finance.com,phishing
833.0,https://spotifycdn.com,benign
355.0,https://avast.com,benign
,http://mycsshealthinsurance.wasmer.app,phishing
601.0,https://ovh.net,benign
478.0,https://nflxvideo.net,benign
62.0,https://tiktokcdn.com,benign
980.0,https://selectel.ru,benign
194.0,https://wildberries.ru,benign
843.0,https://synology.com,benign
131.0,https://msftncsi.com,benign
824.0,https://princeton.edu,benign
,https://www.itrack.tuvint.org/Identity/Account/Login?ReturnUrl=%2F...,phishing
844.0,https://cloudsink.net,benign
,https://whalegrandma.xyz/,phishing
,https://ncsseeds.com/wp-includes/load10.html?2873,phishing
190.0,https://android.com,benign
,http://allegro.plsd2bgflstaas56cgk.icu,phishing
,https://xj-instagram.vercel.app/,phishing
428.0,https://myhuaweicloud.com,benign
,http://meta-lattice-cvn.pages.dev,phishing
366.0,https://ezvizlife.com,benign
,https://necupoqufi116.github.io/saldaoqueimadennovembro2025/inicio/,phishing
376.0,https://google.de,benign
,https://webapptg.click/,phishing
,https://marlnade-finacne.cfd/,phishing
7.0,https://googleapis.com,benign
640.0,https://dccnet.com.cn,benign
,https://suapromoaqui.com/,phishing
291.0,https://nominetdns.uk,benign
169.0,https://cdn77.org,benign
492.0,https://ietf.org,benign
,https://buscadigitalworld.site/oferta/,phishing
,https://retivar-acnta.com/,phishing
70.0,https://ripn.net,benign
,https://ow.ly/c8Hn50XwH6j,phishing
152.0,https://amazon.dev,benign
,https://www.lojadomecanico.centumplay.shop/,phishing
521.0,https://vivo.com.cn,benign
606.0,https://360safe.com,benign
414.0,https://sfx.ms,benign
73.0,https://gvt1.com,benign
,https://necupoqufi116.github.io/saldaoqueimadennovembro2025/inicio,phishing
,https://02feiraofimdeanonovenbbo2025.shop/,phishing
,https://kineticdesignus.com/alubviqx/,phishing
,http://bakery-swape.web.app,phishing
,https://www.guiafacildeapoio.lol/Valida%C3%A7%C3%A3o.html...,phishing
,https://bantrab.sbs/inicial,phishing
,http://allegro.aukcje5-5102912-1020ssjsj.cyou,phishing
489.0,https://google.co.uk,benign
,https://sites.google.com/icbadolato.edu.it/aprantesatendimento,phishing
499.0,https://imgsmail.ru,benign
289.0,https://groksearch.net,benign
838.0,https://chess.com,benign
,https://allegro.pl-oferta16818-macbook-pro-m1-m1-max-16-512-gb.sbs,phishing
,http://megadavirada2025.shop,phishing
480.0,https://imcmdb.net,benign
578.0,https://intercom.io,benign
,https://superdebarato-njtg.lat/resolva.html?utm_source=organic&utm...,phishing
865.0,https://shopifysvc.com,benign
760.0,https://githubusercontent.com,benign
918.0,https://state.gov,benign
,http://www.biomap.ru,phishing
,https://www.allegro.pl-smart91284.cfd,phishing
140.0,https://pki.goog,benign
,https://anacaapriicombr.site/,phishing
769.0,https://networkadvertising.org,benign
149.0,https://applovin.com,benign
,https://phoneclaim.com/att,phishing
,https://www.kansasunemployment.org/,phishing
253.0,https://linktr.ee,benign
,https://www.robiox.com.ua/login,phishing
,https://app-axlom.cfd/,phishing
,http://kra42-at-web.ru,phishing
304.0,https://wiley.com,benign
836.0,https://onlyfans.com,benign
,http://superarbor.io,phishing
,http://172.67.202.189,phishing
300.0,https://issuu.com,benign
,https://solucoesnu.s3.us-east-005.backblazeb2.com/aumento.html,phishing
467.0,https://mcafee.com,benign
218.0,https://oracle.com,benign
849.0,https://zenecn.net,benign
636.0,https://tapad.com,benign
,https://aplicativode-novembro.github.io/pay/inicio,phishing
,http://sdworxupdaten.com,phishing
837.0,https://figma.com,benign
526.0,https://ys7.com,benign
,https://orderbilling.pro/f4cd7/,phishing
129.0,https://cloud.microsoft,benign
339.0,https://dailymail.co.uk,benign
185.0,https://azurefd.net,benign
,https://perini.gowines.online/,phishing
,https://app.web3connective.online/,phishing
944.0,https://adblockplus.org,benign
689.0,https://liadm.com,benign
,https://masterbotsolana.com/,phishing
337.0,https://etsy.com,benign
,https://paginaautoatendimento.site/,phishing
707.0,https://ya.ru,benign
,https://nu-seguro.help/,phishing
,https://vjnkfvgl.gensparkspace.com/,phishing
,http://solspinner.sbs,phishing
550.0,https://fandom.com,benign
127.0,https://one.one,benign
257.0,https://hp.com,benign
133.0,https://adnxs.com,benign
831.0,https://cdn-vk.ru,benign
,https://uphold-login.daftpage.com/,phishing
,https://krakennloginu.wordpress.com/,phishing
,https://micreditnavidadfesta.crecetucupoenline.click/i/homebanking/ind,phishing
,https://rmichaelgriffin.com/login-check.html,phishing
,https://celcomdigi.mys.credit:443/,phishing
655.0,https://outbrain.com,benign
,http://frontend-mentor-easy-bank-landing-page.vercel.app,phishing
,http://itlinks.pk,phishing
,https://dewclubexclusivo.site/oferta/,phishing
163.0,https://rubiconproject.com,benign
250.0,https://comcast.net,benign
,https://balboafurniturepty.com/FLCU,phishing
,https://aplicativode-novembro.github.io/pay/inicio/,phishing
889.0,https://tds.net,benign
523.0,https://timeweb.ru,benign
693.0,https://fb.com,benign
,https://mypoos-mecrh.com/,phishing
998.0,https://ancestry.com,benign
,https://centaurojaeblack.netlify.app/,phishing
607.0,https://g.co,benign
955.0,https://utorrent.com,benign
,http://muttemask.blogspot.com,phishing
346.0,https://mikrotik.com,benign
,http://fluxjump.za.com,phishing
297.0,https://ampproject.org,benign
433.0,https://duolingo.com,benign
,http://masterbotsolana.com,phishing
,http://77-110-118-2.cprapid.com,phishing
667.0,https://mailchimp.com,benign
,http://bitoption247.com,phishing
122.0,https://gravatar.com,benign
,https://bancopichinchastage.prod.acquia-sites.com...,phishing
,https://serasa-feirao.github.io/2025/,phishing
,https://www.11feiraofimdeanonovenbbo2025.shop/,phishing
,https://livetravel.co.in/login/gh/sso.login/,phishing
830.0,https://pexels.com,benign
862.0,https://theatlantic.com,benign
228.0,https://weather.com,benign
,https://activitiespage2025.cfd/live/home,phishing
,http://espressofoundation.support,phishing
,https://itlinks.pk/,phishing
,http://centauropromo2025.shop/,phishing
,https://servidor.appmarketing.com.br/,phishing
677.0,https://googlezip.net,benign
767.0,https://rakuten.com,benign
809.0,https://unpkg.com,benign
,https://probable-funicular.vercel.app/,phishing
305.0,https://nature.com,benign
477.0,https://bluehost.com,benign
770.0,https://nikkei.com,benign
,https://go.invictuspay.app.br/jgwcvov3ep,phishing
,https://gestaltungenplus.ch/,phishing
,https://sites.google.com/view/efxcorretoradecambioo,phishing
,http://solgamez.top,phishing
,https://kg.hubotypustore.buzz/,phishing
56.0,https://windows.net,benign
708.0,https://nel.goog,benign
141.0,https://dnsowl.com,benign
,https://www.28saldaofimdeanonovembro2025.shop/,phishing
312.0,https://ea.com,benign
,https://buscadigitalpro.site/oferta/,phishing
,https://novembr0-gs.shop/,phishing
,https://novosbeneficios2025.s3.us-east-2.amazonaws.com/oportunidade,phishing
,https://client.instant-accessfr.com/,phishing
525.0,https://live-video.net,benign
,https://desafioempiricus.lovable.app/,phishing
,https://acessoria.online/,phishing
,https://registrationdatabase.hk/invoice/,phishing
344.0,https://clarity.ms,benign
,https://dlapilper.com,phishing
270.0,https://grammarly.com,benign
,https://5smdr2nw.at-the-lake.com/,phishing
,http://marinabaysands.ltd,phishing
345.0,https://dailymotion.com,benign
,https://suaumento.s3.us-east-005.backblazeb2.com/aumento.html...,phishing
229.0,https://kwai-pro.com,benign
,http://canton-community.cfd,phishing
,https://amlbotchecker.app/,phishing
,https://meetamaskllogin.wordpress.com/,phishing
545.0,https://intel.com,benign
997.0,https://edna.ru,benign
,http://nbveist9.at-the-lake.com,phishing
761.0,https://nbcnews.com,benign
976.0,https://nexusmods.com,benign
,https://northvalegroup.site/,phishing
6.0,https://cloudflare.com,benign
,http://allegro.pl-8273625514141451516272798777r626155151526.icu,phishing
,https://heinekenvillage.eventiimbr.com/,phishing
296.0,https://alibaba.com,benign
695.0,https://steamstatic.com,benign
468.0,https://online-metrix.net,benign
643.0,https://sentinelone.net,benign
773.0,https://turn.com,benign
,https://s3.eu-west-2.amazonaws.com/tb-east-8.console.aws.amazon.com008,phishing
531.0,https://patreon.com,benign
217.0,https://myfritz.net,benign
,http://landjugend-beckum.de,phishing
827.0,https://nic.io,benign
1009.0,https://infobae.com,benign
,https://cvcvcvcvcvcv.onrender.com/,phishing
,http://manpowerindia.co.in,phishing
,https://ventilrhd.carrd.co/,phishing
681.0,https://whecloud.com,benign
26.0,https://microsoftonline.com,benign
,https://bnp-paribas-france.fr.gd/,phishing
204.0,https://edgecdn.ru,benign
334.0,https://washingtonpost.com,benign
124.0,https://dropbox.com,benign
745.0,https://rackspace.net,benign
,https://enlineactivovzla.fun/,phishing
,https://previewer.adalo.com/d487d9b3-457b-4866-96fa-4ebc8601320e?targe...,phishing
935.0,https://arcgis.com,benign
666.0,https://1rx.io,benign
,http://sso.oktasecured.com,phishing
372.0,https://vkuser.net,benign
,https://babystrollerreview.com/activeplala/sso.login/login2.php,phishing
,http://swap-pan-cake.finance,phishing
282.0,https://samsungcloud.com,benign
,https://www.blackfridaydalu.online/,phishing
147.0,https://forms.gle,benign
,http://peopleconnectingagency.com,phishing
560.0,https://target.com,benign
369.0,https://ibyteimg.com,benign
605.0,https://hicloud.com,benign
274.0,https://drom.ru,benign
331.0,https://browser-intake-datadoghq.com,benign
665.0,https://grammarly.io,benign
751.0,https://fiverr.com,benign
,https://succeeddesign.lk/js/,phishing
,https://nadratracking.pk/,phishing
,http://lkadhjflkasd.top,phishing
613.0,https://yelp.com,benign
517.0,https://crpt.ru,benign
,https://freesinalize.myshopify.com/web-pixels@ae1676cfwd2530674p4253c8...,phishing
,https://us-spiritairlines.com/,phishing
391.0,https://xboxlive.com,benign
658.0,https://amazon.fr,benign
,https://allegro.39538-aukcje501-21oiiu.cfd,phishing
488.0,https://dnspod.net,benign
549.0,https://tandfonline.com,benign
738.0,https://google.cn,benign
4.0,https://facebook.com,benign
749.0,https://disqus.com,benign
,https://sinarmas88.org/,phishing
,https://aumentovioleta.s3.us-east-005.backblazeb2.com/aumento.html,phishing
,https://ajudasonline.monster/Valida%C3%A7%C3%A3o.html...,phishing
5.0,https://gtld-servers.net,benign
,https://app-wallet-ledger.live,phishing
,https://nadraguide.co.uk/,phishing
,http://wraaagingsolution.org,phishing
883.0,https://lowes.com,benign
,https://eventoseguro.com.ar/main/data/gggg/arubaaufix/web/authen.php,phishing
588.0,https://telekom.net,benign
37.0,https://ax-msedge.net,benign
,https://lightup.i.ng/jjp/gh/webmai1,phishing
723.0,https://linode.com,benign
39.0,https://whatsapp.net,benign
,https://lunnabella.shop/,phishing
668.0,https://avito.ru,benign
,http://fergusonofficefurniture.com,phishing
,https://slush-wallet-sui.typedream.app/,phishing
3.0,https://mail.ru,benign
,http://hub-cysic.cfd,phishing
,https://verificaon.sbs/inicio/,phishing
,https://direitossaber.sbs/chat/,phishing
544.0,https://comcast.com,benign
596.0,https://force.com,benign
848.0,https://bx-msedge.net,benign
629.0,https://stackadapt.com,benign
796.0,https://recaptcha.net,benign
,https://notifications.googleapis.com/email/redirect,phishing
911.0,https://crazygames.com,benign
,https://nadracardcentres.co.uk/,phishing
,https://afgsoftwarellc.com/alubviqx/,phishing
,http://opensea-login.app,phishing
,http://bet83086.com,phishing
,https://celcoin.it.com/,phishing
,https://wwwgsupplements.myshopify.com/web-pixels@ae1676cfwd2530674p425,phishing
498.0,https://usatoday.com,benign
,https://brasilservicos.life/,phishing
,https://ch.zedestore.top/,phishing
,http://nc.ruidutouzi.com,phishing
,https://ledh7vg.testnet-de6.workers.dev,phishing
,http://bet83084.com,phishing
,http://allegro.oferta2184921.sbs,phishing
,http://psegglobe09.com,phishing
709.0,https://volcfcdndvs.com,benign
951.0,https://attn.tv,benign
395.0,https://amazonalexa.com,benign
287.0,https://ttvnw.net,benign
,https://oficialfreeflow.org/,phishing
680.0,https://ups.com,benign
,http://icloud-searchdevice.help,phishing
483.0,https://slideshare.net,benign
284.0,https://reuters.com,benign
546.0,https://free.fr,benign
660.0,https://telephony.goog,benign
995.0,https://columbia.edu,benign
532.0,https://tbcache.com,benign
620.0,https://techcrunch.com,benign
,http://nuconsult.pro/,phishing
1.0,https://google.com,benign
389.0,https://telegram.org,benign
,https://app.1inch.sbs/,phishing
378.0,https://aiv-delivery.net,benign
912.0,https://cdnhwc1.com,benign
,https://psegglobe09.com/h5/#/,phishing
232.0,https://imdb.com,benign
142.0,https://tumblr.com,benign
,https://e-folium.com/,phishing
,http://probable-funicular.vercel.app,phishing
964.0,https://kahoot.it,benign
,https://baixouopreco-cfvg.lat/resolva.html?utm_source=organic&utm_...,phishing
,http://okta.online-shared-note.bakeraviations.com,phishing
,https://gazultraideal.bolt.host/,phishing
,https://bio.site/casa_estilo_ofertas,phishing
,https://apponline-pagamentos.github.io/atendimento/,phishing
23.0,https://akadns.net,benign
347.0,https://wsj.com,benign
438.0,https://bidswitch.net,benign
,https://ambulanceresponse.com.au/osimeh_html/sso.login/,phishing
94.0,https://edgekey.net,benign
,https://onser.sbs/,phishing
821.0,https://welt.de,benign
,https://tusker.bpfix.top/tuswr6wk/096570361941926346374260bc,phishing
,https://boyiwzq.com/vzkysuea/,phishing
,https://buscadigitalfocus.site/oferta/,phishing
881.0,https://huffpost.com,benign
,https://sikhavi.com/Plala/sso.login/,phishing
559.0,https://byteglb.com,benign
153.0,https://spo-msedge.net,benign
82.0,https://cloudflare.net,benign
,https://www.solicitacaodelimpeza13.shop/,phishing
933.0,https://palmplaystore.com,benign
,https://receba-facil.shop/consulta/,phishing
,http://simonandschusterpublishers.com,phishing
739.0,https://theverge.com,benign
,https://cooperativadeahorroycreditocreacoop.com/,phishing
787.0,https://bytefcdn-ttpeu.com,benign
332.0,https://cookielaw.org,benign
548.0,https://pendo.io,benign
586.0,https://wbbasket.ru,benign
60.0,https://akam.net,benign
272.0,https://amazon.co.uk,benign
502.0,https://atlassian.com,benign
,https://plataformacashfinanciero.store,phishing
,http://treasury-boost.com,phishing
631.0,https://yieldmo.com,benign
121.0,https://msedge.net,benign
720.0,https://qualtrics.com,benign
348.0,https://gnu.org,benign
858.0,https://nationalgeographic.com,benign
774.0,https://amazon.it,benign
,http://mabsands.vip,phishing
,http://rwa-ondo.com,phishing
76.0,https://tiktokv.com,benign
,https://overyou.store,phishing
806.0,https://rbc.ru,benign
651.0,https://dreamhost.com,benign
603.0,https://noaa.gov,benign
507.0,https://firefox.com,benign
,https://www.ultimaschancesparatodos31.shop/,phishing
33.0,https://github.com,benign
,https://www.body-restore.co.uk/Tracteur-3-Points-Pour-Tracteur-Compact,phishing
333.0,https://pages.dev,benign
,http://setusjeka.drivefleurblois.fr/,phishing
247.0,https://hubspot.com,benign
,http://krakennloginu.wordpress.com,phishing
216.0,https://casalemedia.com,benign
361.0,https://mynetname.net,benign
724.0,https://t-mobile.com,benign
,https://whalegrand.xyz/,phishing
,https://salaodoautomobilismo.com/,phishing
822.0,https://azure-devices.net,benign
,https://diadeblack-gs.shop/web-pixels@ae1676cfwd2530674p4253c800m34e85,phishing
,https://bradesco.montseguro.com.br/,phishing
,http://indosat.indototo.art/,phishing
510.0,https://svc.ms,benign
662.0,https://bidmachine.io,benign
479.0,https://icloud-content.com,benign
582.0,https://licdn.com,benign
,https://chat.insightvivoa.store/serasa,phishing
267.0,https://facebook.net,benign
,https://solbitget.click/,phishing
756.0,https://miwifi.com,benign
,https://www.outletcapricombr.site/,phishing
104.0,https://wac-msedge.net,benign
78.0,https://bit.ly,benign
,https://eigenwallet.io/,phishing
,http://gaincapitalchn.com,phishing
925.0,https://deloitte.com,benign
245.0,https://mangosip.ru,benign
,https://allegro.oferta21385633.sbs,phishing
,https://salarynotificationadjustment.arcane.com.de/JWnzC/,phishing
589.0,https://namebrightdns.com,benign
940.0,https://spamhaus.org,benign
,https://ifumbled.live/,phishing
,http://www.kansasunemployment.org,phishing
630.0,https://quickconnect.to,benign
,https://cartao-american.express/mobile/fim.php?hash=16207978836925b8a2,phishing
,https://precosdonhupi-cvby.lol/resolva.html?utm_source=organic&utm...,phishing
,https://suporteaoclineteonline.lol/,phishing
,https://www.allegrolokainie.pl-smart84617.cfd,phishing
67.0,https://tiktok.com,benign
,https://commerce-id.net/,phishing
758.0,https://360.cn,benign
,https://www.wnmudebjw.com/,phishing
,https://www.nu-seguro.help/,phishing
878.0,https://mailchi.mp,benign
,http://allegro.oferta52152121598219831.icu,phishing
,https://www.yamaha.bucaracompra.com/,phishing
,https://pay.pagamentoonlineseguro.com/checkout/b0e79408-f9cb-427d-a407,phishing
,https://mizuhobank.resv.jp/user/usr_cancel_guest.php,phishing
421.0,https://list-manage.com,benign
,http://uphold-login.daftpage.com,phishing
,https://solspinner.sbs/,phishing
,https://www.02feiraofimdeanonovenbbo2025.shop/,phishing
514.0,https://visualstudio.com,benign
988.0,https://nintendo.net,benign
,https://buscadigitalnext.site/oferta/,phishing
96.0,https://a2z.com,benign
11.0,https://apple.com,benign
805.0,https://lefigaro.fr,benign
,http://centlom.space,phishing
829.0,https://cursor.sh,benign
704.0,https://omnitagjs.com,benign
,http://mbs-internatiomer-pro.com,phishing
170.0,https://medium.com,benign
,http://allegro.kzp-439248.rest,phishing
,https://rihappyacaosolidaria.online/inicio/bebereborn/quiz/c2...,phishing
,http://job.thebunionhill.com,phishing
,http://a91a.org,phishing
,https://dydxx-trade-us.pages.dev/,phishing
,http://btinternetttt.sellfy.store,phishing
71.0,https://adobe.com,benign
1002.0,https://pandora.com,benign
938.0,https://ebay.de,benign
429.0,https://statista.com,benign
839.0,https://discogs.com,benign
719.0,https://exp-tas.com,benign
816.0,https://aniview.com,benign
946.0,https://sedo.com,benign
,https://exodus-walletdesktopapp.io/,phishing
,https://pancake.four.meme/bsc,phishing
676.0,https://fidelity.com,benign
,https://download-windows-trezor.netjet.pro/,phishing
,https://i2v5e2n6z5jft88j.s3.us-east-2.amazonaws.com/index.html,phishing
,https://bom.so/zbgmBU,phishing
876.0,https://seznam.cz,benign
654.0,https://brave.com,benign
784.0,https://google.nl,benign
,https://www.brooksonsale.com,phishing
379.0,https://espn.com,benign
294.0,https://crashlytics.com,benign
435.0,https://firetvcaptiveportal.com,benign
,https://www.bvcixc.com/#/pages/login,phishing
572.0,https://britannica.com,benign
,https://tudoparaseualto.online/,phishing
,http://199.84.223.35.bc.googleusercontent.com/qDgDYvxLNZ,phishing
,http://vanmedic.pl,phishing
,https://www.blackbauducco.com/,phishing
644.0,https://duckdns.org,benign
688.0,https://spiegel.de,benign
,https://pedido-em-andamento.shop/,phishing
132.0,https://epicgames.com,benign
682.0,https://marriott.com,benign
710.0,https://creativecdn.com,benign
203.0,https://t.co,benign
,https://classification.wmimd.com/,phishing
475.0,https://wired.com,benign
,http://governance-rocketpool.xyz,phishing
,http://s2-floki.com,phishing
,http://allegro.pl-65252562525525252f62625255363.cfd,phishing
,https://arubahosting.s3.us-east-2.amazonaws.com/Aruba.html,phishing
,http://unrpc.top,phishing
,https://bitsoapp.com/,phishing
,https://bhd-bhdcrm-prod1.pegacloud.net/prweb/app/default/7GW28EW-6-Zdv,phishing
,https://xc.datystore.top/,phishing
,https://pedidosdigital.sbs/chat/,phishing
,https://aniversario-oferta.github.io/airtelmoney.cd/#1764081785537,phishing
813.0,https://iso.org,benign
834.0,https://themeforest.net,benign
,https://trackings.pk/,phishing
699.0,https://gumgum.com,benign
,https://ow.ly/xkuV50XvF4Q,phishing
227.0,https://inmobi.com,benign
,http://kintsu.events,phishing
55.0,https://whatsapp.com,benign
519.0,https://deviantart.com,benign
,https://caixadircta.cfd:443/?n=965522488,phishing
455.0,https://aol.com,benign
,https://smartwallet-trezor.com/captcha,phishing
856.0,https://docker.io,benign
,https://5e.no/swisspassch,phishing
178.0,https://pubmatic.com,benign
,https://eaea4a850d44f00be8cad1d70ea72bcc-my-sharepoint.isomerlcindustr/,phishing
424.0,https://cnbc.com,benign
235.0,https://meraki.com,benign
,https://obsbyggonlineno.com/account/login,phishing
792.0,https://adguard-vpn.online,benign
241.0,https://youtube-nocookie.com,benign
,http://robinhooddrugs.com,phishing
569.0,https://sophos.com,benign
,http://22334211.weebly.com,phishing
,https://www.spsi.solar/,phishing
,http://grsuplementosonline.shop/,phishing
978.0,https://vkuseraudio.net,benign
495.0,https://stackoverflow.com,benign
,https://comprayrenuevaonline.com/,phishing
260.0,https://mailinabox.email,benign
148.0,https://nist.gov,benign
491.0,https://s-msedge.net,benign
,http://38nxtbzi.union-label.com,phishing
,https://hirogin.zhangyug.com,phishing
139.0,https://nih.gov,benign
,https://fatluraincloud.com/fic1/zbmt.php,phishing
,https://www.robinhoodmobileauto.com/,phishing
,https://ajudapraticabond.bond/Valida%C3%A7%C3%A3o.html...,phishing
,https://www.telephone-sfr.net/,phishing
,https://pafipelangiran.org/,phishing
,https://innowaltz.com/,phishing
445.0,https://trustpilot.com,benign
714.0,https://webmd.com,benign
,http://mlpgroups.com,phishing
923.0,https://daum.net,benign
,http://hirogin.nkwiqbxh.com,phishing
,https://start-coinbase--web.framer.website/,phishing
,http://ynabioueconus-meriescs-experinces-t.vercel.app,phishing
388.0,https://nasa.gov,benign
306.0,https://shalltry.com,benign
,https://swap-pan-cake.finance/,phishing
,https://mpps.wb-lynann.info/,phishing
,https://bhd-bhdcrm-prod1.pegacloud.net,phishing
,https://lotoquebeccasino.ca,phishing
162.0,https://b-cdn.net,benign
168.0,https://macromedia.com,benign
991.0,https://kwcdn.com,benign
,https://liquidaprecos-fhpa.lol/resolva.html?utm_source=organic&utm...,phishing
,http://allegro.pl-33524141414414141561718s727265152515261.icu...,phishing
20.0,https://googletagmanager.com,benign
922.0,https://usgovcloudapi.net,benign
910.0,https://seedtag.com,benign
825.0,https://firebaseio.com,benign
401.0,https://tiktokcdn-eu.com,benign
,https://trident-crypto-fund.com,phishing
,https://www.lojadomecanico.centumplay.shop/loja/,phishing
,https://messagerieaccesid.iceiy.com/?i=2,phishing
,http://swap-pancake.finance,phishing
,http://login.salesforce-logs.com,phishing
,https://surasoatenlinea.top/sura/soat/sura/seguro-obligatorio,phishing
367.0,https://expireddomains.com,benign
,https://web.uuoo.us.cdn.cloudflare.net/,phishing
,https://radioast.com/rjkyppvb/,phishing
970.0,https://4dex.io,benign
,http://airdropsalerts.onl,phishing
264.0,https://cdngslb.com,benign
,http://kita-koshigaya.com/,phishing
,https://bcoptimizingtools.com/#,phishing
380.0,https://unsplash.com,benign
167.0,https://tiktokcdn-us.com,benign
,https://creddisponivel.com/?utm_source=organic&amp;utm_campaign=&a...,phishing
,http://app-cowsw-c1.top,phishing
,https://celcoinpix.com/,phishing
,http://paquetarecebir.jdevcloud.com,phishing
65.0,https://spotify.com,benign
,https://www.neimanlastcall-us.com/account/login,phishing
684.0,https://vkuserphoto.ru,benign
184.0,https://adobe.io,benign
747.0,https://imrworldwide.com,benign
591.0,https://onetrust.com,benign
927.0,https://www.gov.br,benign
882.0,https://worldbank.org,benign
,http://world-quant.com,phishing
811.0,https://fda.gov,benign
617.0,https://live.net,benign
945.0,https://microsoftpersonalcontent.com,benign
,http://psf999.icu/tools/swap/pancake,phishing
,http://koinmarketcap.wordpress.com,phishing
,https://triadfi.cc/,phishing
,http://frofltraesurycornect.com,phishing
,https://commerceoptimizing.com,phishing
176.0,https://adtrafficquality.google,benign
431.0,https://rzone.de,benign
,https://creditosbancopromerica.netlify.app/,phishing
392.0,https://netflix.net,benign
,http://192.34.59.155/,phishing
,https://allegro.38ehefgefasgdha.cyou,phishing
197.0,https://forbes.com,benign
902.0,https://xiaohongshu.com,benign
,http://webmailerpreviewsecuritypanelserver.surge.sh/WEBMAIL1.html?emai,phishing
580.0,https://buzzfeed.com,benign
,https://tab-open-sea.pages.dev/,phishing
,http://marquettesavngs.com,phishing
460.0,https://foxnews.com,benign
,http://myzerohashinternal.com,phishing
416.0,https://globo.com,benign
757.0,https://life360.com,benign
772.0,https://webhostbox.net,benign
164.0,https://shopify.com,benign
420.0,https://quora.com,benign
387.0,https://nvidia.com,benign
,http://tab-open-sea.pages.dev,phishing
,https://www.netintrebnk.online/,phishing
198.0,https://mts.ru,benign
716.0,https://shopee.co.id,benign
,https://ofertasninjas-ccur.lat/resolva.html?utm_source=organic&utm...,phishing
734.0,https://mixpanel.com,benign
,https://kiqui.com.br/authentication.plala.or/Sites/index.html,phishing
181.0,https://w3.org,benign
310.0,https://dns-parking.com,benign
542.0,https://tencent-cloud.net,benign
,http://myjumio.com,phishing
59.0,https://msn.com,benign
570.0,https://trendmicro.com,benign
,https://live-media-archive-0ja2.s3.sa-east-1.amazonaws.com/b6mvm8,phishing
621.0,https://wp.pl,benign
547.0,https://tripadvisor.com,benign
,https://013appaproveitea2025.site/,phishing
,https://asesoressoatsu-ra.top/sura/soat/sura/seguro-obligatorio/,phishing
924.0,https://frontiersin.org,benign
179.0,https://soundcloud.com,benign
,https://babystrollerreview.com/activeplala/Sites/index.html,phishing
,http://sol-incinerator.tax,phishing
454.0,https://yahoo.co.jp,benign
109.0,https://sentry.io,benign
240.0,https://akamaized.net,benign
,https://racquetclubofirvine.com/alubviqx/,phishing
,https://tikapply.com,phishing
,https://onse.site/,phishing
909.0,https://smilewanted.com,benign
,http://88836122.sarl-girard.fr/?id=mariepierregenovese.com,phishing
,http://admin1djiue.fleur-drive.com/,phishing
9.0,https://amazonaws.com,benign
99.0,https://windows.com,benign
61.0,https://goo.gl,benign
53.0,https://sharepoint.com,benign
,https://primaxswiftmining.com/,phishing
524.0,https://bsky.app,benign
500.0,https://gosuslugi.ru,benign
,https://www.chaussuresbrooks.com/my-account/,phishing
,http://allegro.zkp-rozne-123948.sbs,phishing
16.0,https://live.com,benign
,https://09feiraofimdeanonovenbbo2025.shop/,phishing
,https://previewer.adalo.com/3661965e-a3ef-4d09-85ba-ab91f2666419?targe...,phishing
692.0,https://unesco.org,benign
,https://pay.seu-nomelimpaofeirao.site/lqv130ymJjOZxbj,phishing
983.0,https://jd.com,benign
,https://disponivelagoraqui.s3.us-east-005.backblazeb2.com/aumento.html,phishing
,https://learnpress.wp-ar.net/wp-content/1Pq7uOyImECafxvX2RrTOsk2ZoOtcl,phishing
,https://pan-cake-swap.finance/,phishing
,https://maquininhaamarelinha.com/maquininha-uol-login/,phishing
994.0,https://kohls.com,benign
214.0,https://bbc.com,benign
292.0,https://arubanetworks.com,benign
,https://buscadigitalprime.site/oferta/,phishing
,http://qlivequarqjcaws.lol,phishing
,https://hypo.init-colder.org/,phishing
804.0,https://pccc.com,benign
441.0,https://gitlab.com,benign
410.0,https://id5-sync.com,benign
466.0,https://consultant.ru,benign
202.0,https://ozon.ru,benign
,https://*.allegrolokalnie-pl-oferta2453512.icu/,phishing
,http://allegro.oferta-18829.icu,phishing
,https://nggerxr.cn/g1/g/2ds=docomos/,phishing
,https://www.chaussuresbrooks.com/,phishing
425.0,https://163.com,benign
436.0,https://scdn.co,benign
,https://allegro.pkzp1-rozne0128944.sbs,phishing
,http://rlsbb.to,phishing
,https://votes-moonshot.org/,phishing
,http://bigbeautifulairdrop.com,phishing
754.0,https://allaboutcookies.org,benign
,http://kfjhdjhsk.top,phishing
459.0,https://kwai.net,benign
,http://5555087.vip,phishing
236.0,https://jomodns.com,benign
,https://baixadosprecos-kjui.lat/resolva.html?utm_source=organic&ut...,phishing
,https://servicosweb.sbs/,phishing
,https://www.lojapalmeiras.online/,phishing
283.0,https://hostgator.com,benign
354.0,https://inner-active.mobi,benign
,http://www.glencoreapp.com,phishing
298.0,https://steampowered.com,benign
,http://salaodoautomobilismo.com,phishing
,https://venerable-bombolone-b528d9.netlify.app/solicitud-prestamo.html,phishing
,https://makesdao.com/,phishing
,https://www.web3cloudsafe.com/,phishing
874.0,https://hm.com,benign
921.0,https://t-bank-app.ru,benign
,https://rihappyacaosolidaria.online/inicio/bebereborn/quiz/c2/...,phishing
,https://mycrlterlonhmc.com,phishing
937.0,https://superhosting.bg,benign
619.0,https://okta.com,benign
982.0,https://kunlungr.com,benign
,https://itss.sl/XZTuQ,phishing
,http://allegro.pl-oferta-21010-dyson-v15-detect-absolute.cfd,phishing
,https://direitosemdia.sbs/,phishing
,https://bantrab.sbs/inicial/,phishing
377.0,https://kwaipros.com,benign
732.0,https://edgecastdns.net,benign
868.0,https://onet.pl,benign
,https://fmpagri.com/main/main/arubaaufix/web/authen.php,phishing
,http://okta.nydlg.net,phishing
575.0,https://yandxadservices.net,benign
539.0,https://nypost.com,benign
195.0,https://nflxso.net,benign
,http://k6scss-bf.myshopify.com,phishing
516.0,https://myqcloud.com,benign
961.0,https://webempresa.eu,benign
423.0,https://cookiedatabase.org,benign
733.0,https://box.com,benign
92.0,https://nginx.org,benign
866.0,https://sportradar.com,benign
490.0,https://deepintent.com,benign
383.0,https://google.com.br,benign
,https://amlscanify.info/,phishing
,https://gaincapitalchn.com/,phishing
664.0,https://xerox.com,benign
63.0,https://x.com,benign
374.0,https://erome.com,benign
,http://hirogin.daviseyes.com,phishing
,http://www.spsi.solar,phishing
530.0,https://xiaomi.net,benign
701.0,https://ring.com,benign
,https://dewexclusivas.site/oferta/,phishing
98.0,https://nginx.com,benign
,http://sendusdt.today,phishing
,https://icloud-searchdevices.help/,phishing
224.0,https://mit.edu,benign
21.0,https://akamaiedge.net,benign
,https://awhehcd.com/vzkysuea/,phishing
795.0,https://gtld.biz,benign
,https://whalegrace.xyz/,phishing
486.0,https://mysql.com,benign
,https://pepeoftherings.io,phishing
,http://s2-quant.network,phishing
535.0,https://gcdn.co,benign
356.0,https://akamaihd.net,benign
,https://eventonavidad.com/,phishing
,https://payloginsnow.lima-city.ch/wp-includes/chne/?token=,phishing
977.0,https://weforum.org,benign
443.0,https://qlivecdn.com,benign
,https://holagitarcenter.shop/,phishing
144.0,https://telekom.de,benign
554.0,https://mega.co.nz,benign
,https://pulsoriador.com/01/,phishing
,https://bradesco.pjatendimento.chat,phishing
,https://025app-rflimpabrasil2025.site/,phishing
418.0,https://sharethrough.com,benign
561.0,https://hotjar.com,benign
859.0,https://aliyuncsslbintl.com,benign
409.0,https://avcdn.net,benign
967.0,https://umich.edu,benign
750.0,https://criteo.net,benign
102.0,https://vedcdnlb.com,benign
954.0,https://ad-delivery.net,benign
77.0,https://ytimg.com,benign
702.0,https://zoho.com,benign
,https://osera.site/,phishing
564.0,https://run.app,benign
,https://dexscreener.at/,phishing
779.0,https://me.com,benign
106.0,https://edgesuite.net,benign
285.0,https://rbxcdn.com,benign
847.0,https://agoda.com,benign
,http://mychainalysis.com/index.php?passtoken=&redirect=/,phishing
,https://tthuihui.com/alubviqx/,phishing
,https://en.packvet.site/f8db23e56e0c4dce81647a8489a3dae8/?cmw2zP=KqxON,phishing
663.0,https://conviva.com,benign
,https://caixadircta.cfd/,phishing
,https://exclusivofimdeanomlivre.com/429518763,phishing
359.0,https://allawnos.com,benign
,https://pontoequilibrio.store/feirao/cpf/cpf.html,phishing
43.0,https://wordpress.org,benign
581.0,https://spaceweb.pro,benign
687.0,https://websitewelcome.com,benign
728.0,https://samsungacr.com,benign
,https://qlivequarqjcaws.lol/,phishing
46.0,https://pinterest.com,benign
208.0,https://example.com,benign
,http://hilltonscreener.com,phishing
444.0,https://uber.com,benign
,http://triadfi.cc,phishing
705.0,https://asus.com,benign
791.0,https://teads.tv,benign
,https://10feiraofimdeanonovenbbo2025.shop/,phishing
,https://webpagetrezo.ghost.io/web-crypto/,phishing
,https://hst.cra.ac.th/s/UdBPb2,phishing
81.0,https://ln-msedge.net,benign
956.0,https://jetbrains.com,benign
,https://globalcomputers.com.mx/,phishing
222.0,https://azureedge.net,benign
,https://datenpfleg-portal-infomartion.golwite.com/...,phishing
872.0,https://hcaptcha.com,benign
,https://exodusscan.com/,phishing
,http://wells.eustoress.shop,phishing
18.0,https://linkedin.com,benign
635.0,https://digitalocean.com,benign
156.0,https://3gppnetwork.org,benign
101.0,https://mozilla.org,benign
,https://www.allegrolokainie.pl-smart5749124.cfd,phishing
,https://direitonoticiavarell.sbs/blogme/,phishing
,http://gov.cnhsociais.org,phishing
,https://mabsands.vip/,phishing
325.0,https://dnsmadeeasy.com,benign
,http://acordofacilitados.com/type/index.html,phishing
,https://ilvbxt.com/alubviqx/,phishing
90.0,https://googledomains.com,benign
908.0,https://netgear.com,benign
,http://pancake.four.meme,phishing
,http://pumpfun.today/,phishing
845.0,https://pornhub.com,benign
,https://resolvafacil.github.io/feirao/inicio,phishing
,https://gzkolier.com/dherg/,phishing
,https://gateway-netsons-areaclientiuserid8735328.santaseguro.com/Ar-ar,phishing
237.0,https://roku.com,benign
,http://registration-arc.net,phishing
873.0,https://eu-1-id5-sync.com,benign
,http://solid-solomon-trans-detect.trycloudflare.com/codes/irsautoV,phishing
,https://previewer.adalo.com/5b2a2932-2a8b-4db6-95f7-3686fc6bb3bb?targe...,phishing
,https://www.programabr.site,phishing
,https://tenebraeboston.aresmush.com/,phishing
563.0,https://gandi-ns.fr,benign
,http://allegro.rozne-128485756.rest,phishing
626.0,https://adform.net,benign
506.0,https://blogger.com,benign
,https://cillqi.com/TT/CU,phishing
50.0,https://googlesyndication.com,benign
871.0,https://typeform.com,benign
,http://kra46at.magya-privorotov24.ru,phishing
279.0,https://samsungqbe.com,benign
,https://www.brookspromocao.com,phishing
,https://convites-amex.com/convite.php?hash=5d786bd14c2a5e05,phishing
353.0,https://telegraph.co.uk,benign
210.0,https://salesforce.com,benign
736.0,https://everesttech.net,benign
,https://centralmento.s3.us-east-005.backblazeb2.com/aumento.html...,phishing
,https://guiadesuporteeconsultas.online/,phishing
115.0,https://criteo.com,benign
,https://sunvalegrove.shop/,phishing
,https://manpowerindia.co.in/,phishing
852.0,https://genius.com,benign
,http://allegro.pl-oferta-23010-dyson-v15-detect-absolute.cfd,phishing
850.0,https://kickstarter.com,benign
,https://slamm.edgeone.app/?data=ZGRlbm55cGZtb2xkQDE2My5jb20=,phishing
,http://hirogin.zhangyug.com,phishing
,http://jobs-schedule.com,phishing
,http://resgat-pointscahs.dynv6.net:8080/setings/?mailto,phishing
,http://galerieslafouyette.com,phishing
,https://wells.eustoress.shop/,phishing
,http://leoddfree.com,phishing
,http://mastercard.com-ins.icu,phishing
798.0,https://apnews.com,benign
,https://damienhirstbuyer.com/,phishing
328.0,https://ivi.ru,benign
244.0,https://wixsite.com,benign
,https://nadra-centre.co.uk/,phishing
899.0,https://whitehouse.gov,benign
,http://seae.us.cc,phishing
472.0,https://cdn20.com,benign
556.0,https://berkeley.edu,benign
917.0,https://ui-dns.com,benign
,https://landjugend-beckum.de/,phishing
,https://growth-supplements.com.ru/,phishing
981.0,https://huffingtonpost.com,benign
,https://sfb56-my.sharepoint.com/:o:/g/personal/a_chalumeau_sfb_bzh/Em9...,phishing
,https://cab.ghostglbltd.com,phishing
,https://gov.cnhsociais.org,phishing
616.0,https://substack.com,benign
,https://sites.google.com/view/am-orcamento/in%C3%ADcio,phishing
,https://okok.teste.com/test01,phishing
,https://contrato.negociadorbr.com/,phishing
321.0,https://smartadserver.com,benign
,https://supportbybigcommerce.com,phishing
,https://depop.order6654.sbs/3d9swi6HFUAcIQeFyRKIKOBM...,phishing
679.0,https://sc-cdn.net,benign
650.0,https://smaato.net,benign
25.0,https://14emeliaterracewestroxburyma02132.su,benign
,http://site-8bbeubmoo.godaddysites.com,phishing
290.0,https://www.gov.uk,benign
,http://wingsofredemption.github.io,phishing
,https://pescazeus.com/001/,phishing
,http://allegro.pl-oferta807386-komputer-gamingow-4k-4500.sbs,phishing
322.0,https://autodesk.com,benign
,https://previewer.adalo.com/a3432d73-0bc7-482c-a2ad-328b2ce7a8ba...,phishing
,http://verification-9515-xfinity.com,phishing
,https://uppersolutionsllc.com/alubviqx/,phishing
634.0,https://oraclecloud.com,benign
,http://kiarna.net,phishing
255.0,https://playstation.net,benign
,https://solgamez.top/,phishing
879.0,https://akamaitech.net,benign
,http://robinhoodmobileauto.com,phishing
987.0,https://pixiv.net,benign
,http://rpcuni.top,phishing
,https://ungldeclaraciones2025.com/seleccion-banco.php,phishing
518.0,https://docker.com,benign
126.0,https://intuit.com,benign
,https://allegro.pl-oferta16818-macbook-pro-m1-m1-max.sbs,phishing
469.0,https://giphy.com,benign
,https://wh1484121.ispot.cc/f/,phishing
,http://solbitget.click,phishing
,https://reatlvar-aconta.com/,phishing
324.0,https://opendns.com,benign
458.0,https://indiatimes.com,benign
661.0,https://redhat.com,benign
,https://donodosetedonodo-hash.github.io/LocalizaLocadora/,phishing
,https://gamecas.at/,phishing
513.0,https://360yield.com,benign
,https://pagamento.pague-online.digital/checkout,phishing
206.0,https://aws.dev,benign
44.0,https://apple-dns.net,benign
,https://t.co/l8nCQuxbck,phishing
,https://credmasnub.click,phishing
919.0,https://chaturbate.com,benign
,https://whalegraduates.xyz/,phishing
,http://liked.world/.well-known/acme-challenge/g/,phishing
869.0,https://linklist.bio,benign
505.0,https://my.com,benign
,https://allegro.029281251-53293828.cfd,phishing
504.0,https://ft.com,benign
,https://www.checkaml.co/,phishing
75.0,https://dual-s-msedge.net,benign
,https://www.09feiraofimdeanonovenbbo2025.shop/,phishing
735.0,https://dbankcloud.com,benign
,https://eventonavidad.com/proximamente,phishing
,http://allegro.pl-oferta16852-macbook-pro-m1-max-max.sbs,phishing
323.0,https://douyincdn.com,benign
405.0,https://cornell.edu,benign
220.0,https://demdex.net,benign
,https://genesis-aave.com/,phishing
192.0,https://vungle.com,benign
412.0,https://amazon.de,benign
,https://dewexclusividade.site/oferta/,phishing
973.0,https://macys.com,benign
742.0,https://vk.ru,benign
853.0,https://globalsign.com,benign
,http://sentilogs.org,phishing
446.0,https://addtoany.com,benign
1000.0,https://kleinanzeigen.de,benign
,https://ingressosalaodoautomovel.com/,phishing
30.0,https://wikipedia.org,benign
,https://*.riverdalegrandkharadi.site/,phishing
207.0,https://sourceforge.net,benign
989.0,https://split.io,benign
,https://activobnk.info/,phishing
,https://enlineactivovzla.fun/naturales/log.html,phishing
,http://reconnect-trezor.com,phishing
,https://amazon-clone-jet-eight-44.vercel.app/,phishing
,https://fmpagri.com/main/main/arubaaufix/,phishing
,https://allegro.rozne-19438485.rest,phishing
,http://servbanbif.top/,phishing
,http://estithmarholding.mindsmapai.com,phishing
,https://65254bc3-c3d2-45a9-ad71-2b8cc10b5530-00-34v18w4ucj0hr.riker.re,phishing
146.0,https://dns.cn,benign
,http://trezor.la,phishing
574.0,https://tplinkcloud.com,benign
,https://bakery-swape.web.app/,phishing
320.0,https://jsdelivr.net,benign
226.0,https://researchgate.net,benign
789.0,https://ameblo.jp,benign
697.0,https://sagepub.com,benign
624.0,https://ted.com,benign
,http://myzerohashinternal.com/index.php?passtoken=&redirect=/,phishing
819.0,https://flashtalking.com,benign
,https://activobnk.info,phishing
,https://ces.zzcc.world.cdn.cloudflare.net/#/pages/login/login,phishing
,https://ezugiqo290.github.io/feiraoqueimatudonovembo2025/inicio/,phishing
,https://uhaul.zts.net,phishing
,http://ec2-13-59-206-250.us-east-2.compute.amazonaws.com/,phishing
,http://genesis-aave.com,phishing
,https://meta-lattice-cvn.pages.dev/,phishing
,http://app.mmt-finance.com,phishing
496.0,https://google.com.hk,benign
,https://kiqui.com.br/updatemail.plala.or.jp/sso.login/login2.php,phishing
,https://consultafeiro.site/chat/,phishing
,https://tj4k6pu1hmh143ke.s3.us-east-2.amazonaws.com/index.html,phishing
,https://www.brooksrunningshop.com,phishing
,https://nomelimpohoje.github.io/limpa/inicio/,phishing
,https://www.24-7pressrelease.com/press_release/529002/bluecrest-capita,phishing
,https://www.allegrolokalnie.pl-smart91284.cfd,phishing
,http://acompanhamentostatus.sbs/,phishing
979.0,https://leparisien.fr,benign
,http://kkrakiinlogix.godaddysites.com,phishing
,https://cnm-1xbet.com/login,phishing
,http://nabicous.com,phishing
,http://www.mujslevovykod.cz.promocodi.com,phishing
457.0,https://walmart.com,benign
38.0,https://office.net,benign
,https://okok.teste.com/01012,phishing
,https://fatturazionepec.com/gen1/zbmt.php,phishing
551.0,https://imgur.com,benign
,http://findthekeys.io,phishing
,https://wap-guangfasports.com/my-nttplala,phishing
,https://brooksrunningus-store.shop,phishing
857.0,https://youku.com,benign
158.0,https://amazonvideo.com,benign
49.0,https://icloud.com,benign
,http://ifumbled.live,phishing
,https://www.atacadocn.com/?utm_source=&utm_campaign=&utm_mediu,phishing
,https://bnc-nbdb-seip.com/login,phishing
,https://nuvirtual.pro/,phishing
,https://www.solicitudespendientes25.online,phishing
,http://mercari.complete-setup.com,phishing
,https://omantels.icu/,phishing
,https://amlbot-uz.com/,phishing
,https://heartguruindia.com/.well-known/flcu-access/,phishing
,https://didoron.com.ar/dede/dkb/dkb/dkb/,phishing
,https://www.20saldaofimdeanonovembro2025.shop/,phishing
,https://nbveist9.at-the-lake.com/,phishing
,http://amazon-clone-jet-eight-44.vercel.app,phishing
,http://f38e88c0.m2desarrollos.com.ar/?9bff9&id=mariepierregenovese.com,phishing
,http://allegro.inne-1932834845.rest,phishing
473.0,https://zendesk.com,benign
960.0,https://mercadolibre.com.ar,benign
,https://previewer.adalo.com/02613c3d-f15e-43c8-bfd2-32934462f309?sessi...,phishing
,http://bnp-paribas-france.fr.gd,phishing
966.0,https://kwai.com,benign
54.0,https://trafficmanager.net,benign
794.0,https://lgtvcommon.com,benign
,https://www.enterprise-rent-acars.com/,phishing
,https://bauducconatal.com/web-pixels@ae1676cfwd2530674p4253c800m34e853,phishing
,http://ssoc-ttsu.com,phishing
,https://redsilverpanelass.site/,phishing
357.0,https://bloomberg.com,benign
,https://wchunge.com/dherg/,phishing
154.0,https://paypal.com,benign
,https://pumpfun.today/,phishing
,https://portalservicos.senatran.serpro.gov.br/,phishing
778.0,https://appspot.com,benign
,https://aprovacoesite.online/,phishing
,http://allegro.plsd2bgflstaiq56cgk.icu,phishing
95.0,https://cdninstagram.com,benign
,https://ultimaschancesparatodos31.shop/,phishing
313.0,https://slack.com,benign
,https://previewer.adalo.com/d9e9634c-f76b-4b9c-9fb4-b7eb47c7bd0b?targe...,phishing
350.0,https://vedsalb.com,benign
,https://pay.compra-fiinalizada.com/v7R0glovOJ5GVr9,phishing
931.0,https://capcut.com,benign
28.0,https://azure.com,benign
,https://shopeebrassil.netlify.app/,phishing
,https://neimanlastcall.store/,phishing
,https://pan-cakeswap.finance/,phishing
188.0,https://vecdnlb.com,benign
,http://poloniexsone.vip,phishing
,http://alfanar.smileattractsmile.com,phishing
781.0,https://a-mo.net,benign
985.0,https://contextweb.com,benign
823.0,https://bild.de,benign
419.0,https://taobao.com,benign
595.0,https://aboutads.info,benign
497.0,https://time.com,benign
,http://xj-instagram.vercel.app,phishing
,https://marketplace.uat.mksiegowosc.cashdirector.io,phishing
,http://nc.foxkingdom.com,phishing
,http://aprakiosi.top,phishing
27.0,https://workers.dev,benign
,https://www.robinhooddrugs.com/,phishing
191.0,https://adriver.ru,benign
,https://consultahancesultimasnovemb024.shop/,phishing
963.0,https://quizlet.com,benign
,http://governance-hyperliquid.xyz,phishing
609.0,https://ieee.org,benign
404.0,https://nease.net,benign
89.0,https://samsung.com,benign
864.0,https://dbankcloud.ru,benign
,https://koinmarketcap.wordpress.com/,phishing
,http://oficinafinanciera.com,phishing
536.0,https://rakuten.co.jp,benign
891.0,https://btloader.com,benign
,https://hntmdmm.com/vzkysuea/,phishing
,https://babystrollerreview.com/accountsecurity/sso.login/login2.php...,phishing
35.0,https://digicert.com,benign
318.0,https://forter.com,benign
,https://www.google.com/share.google?q=gkH5FmTwq5iFUMK1i,phishing
351.0,https://un.org,benign
1006.0,https://google.fr,benign
,https://potrombro.com/01/,phishing
740.0,https://ks-cdn.com,benign
,https://previewer.adalo.com/691ca148-5261-4895-b2ed-483fb002b5c6...,phishing
913.0,https://dribbble.com,benign
,https://livetravel.co.in/login/gh/sso.login,phishing
,http://uwqeyhqwhb.top,phishing
897.0,https://adgrx.com,benign
362.0,https://checkpoint.com,benign
718.0,https://bugsnag.com,benign
,https://se.nord-vpn.eu/,phishing
1001.0,https://kontur.ru,benign
538.0,https://elasticbeanstalk.com,benign
,https://sondloqs.com//click.plala/Sites/index.html,phishing
,https://nicopcardcentre.co.uk/,phishing
,http://savivigamx-oline.com,phishing
,https://logical-wps.com/top2/zbmt.php,phishing
230.0,https://ubuntu.com,benign
,https://bcplatformsite.com/#,phishing
,http://allegro.aukcja5129pry59389.xyz,phishing
180.0,https://cnn.com,benign
,https://share.google/gkH5FmTwq5iFUMK1i,phishing
,https://portal-chat25.shop/inicio/,phishing
814.0,https://healthline.com,benign
,https://maiasaura.alphaj.info,phishing
248.0,https://yandex.com,benign
,http://onlinehelp.services,phishing
,https://resetsix.com/rjkyppvb/,phishing
501.0,https://msidentity.com,benign
482.0,https://cox.net,benign
138.0,https://archive.org,benign
268.0,https://omtrdc.net,benign
656.0,https://w3schools.com,benign
385.0,https://temu.com,benign
,https://bathroomtubs-vanities.com/rjkyppvb/,phishing
648.0,https://gdemoideti.ru,benign
317.0,https://adsafeprotected.com,benign
,http://allegro.053prywatnieaukcje95121251-250191.sbs,phishing
349.0,https://byteoversea.net,benign
,http://welcome-trezorstart-io.framer.ai,phishing
965.0,https://instructure.com,benign
,https://supplemment-brasil.myshopify.com/,phishing
,https://previewer.adalo.com/36002ea7-b01b-4d6f-b480-48fb74c865a0?targe...,phishing
,https://sikhavi.com/Plala/sso.login,phishing
,http://meetamaskllogin.wordpress.com,phishing
,http://pan-cakeswap.finance,phishing
394.0,https://plesk.com,benign
,https://lojabauduccobrasiloficial.shop/,phishing
160.0,https://kaspersky.com,benign
,https://activitiespage2025.cfd/live,phishing
463.0,https://behance.net,benign
88.0,https://baidu.com,benign
79.0,https://qq.com,benign
932.0,https://mercadolivre.com.br,benign
,https://magieinobiectiv.ro/costarica/,phishing
610.0,https://surveymonkey.com,benign
568.0,https://tm-azurefd.net,benign
611.0,https://twimg.com,benign
,https://jiffy420.com,phishing
,https://job.thebunionhill.com/,phishing
,http://jghlkgjdf.top,phishing
,https://pay.finalize-suplements.shop/,phishing
1010.0,https://sofascore.com,benign
,https://wh1492061.ispot.cc/health/Member%20Login.html,phishing
,https://www.correogoparcelconnecthub.anconaresidencial.com/...,phishing
,https://un.cunadistore.top/?utm_campaign={{campaign.name}}&utm_source=...,phishing
,https://telex.mahnex.com/,phishing
,https://allegro.rozne-954383.rest,phishing
,http://rugscannerai.pages.dev,phishing
,https://suportecentral.bond/Valida%C3%A7%C3%A3o.html...,phishing
753.0,https://warnerbros.com,benign
890.0,https://ubnt.com,benign
851.0,https://cloudinary.com,benign
971.0,https://binance.com,benign
,https://feiraolimpabrasil-afk.github.io/comecar/inicio/,phishing
,https://allegro.oferta-kategoria-proponowane-dla-ciebie-163.icu,phishing
,https://blueccorp.com,phishing
,http://kellysbernesemountaindogs.com,phishing
820.0,https://onetag-sys.com,benign
,https://weboticlab.ma,phishing
338.0,https://kaspersky-labs.com,benign
196.0,https://azurewebsites.net,benign
,https://amlbotanalys.com/,phishing
234.0,https://ttdns2.com,benign
515.0,https://netease.com,benign
669.0,https://amazon.ca,benign
715.0,https://nic.network,benign
867.0,https://ebay.co.uk,benign
221.0,https://cpanel.net,benign
,http://allegro.19298512prytw23.store/,phishing
599.0,https://merriam-webster.com,benign
884.0,https://openstreetmap.org,benign
903.0,https://amazon.com.br,benign
365.0,https://bilibili.com,benign
,https://metta-maske-logyz.godaddysites.com/,phishing
,https://casetaspara-perros.com/,phishing
,http://spp-pumps.com/,phishing
,https://inscreva-se.store/resolva.html?utm_source=google&utm_campa,phishing
691.0,https://quantserve.com,benign
,https://bauduccofriday.com/,phishing
,https://shopeebrasilloficallll.netlify.app/,phishing
,https://allegro.transfer7809586.xyz,phishing
47.0,https://aaplimg.com,benign
,https://selfcarespidaruba.bar/,phishing
659.0,https://ozone.ru,benign
567.0,https://bdydns.com,benign
529.0,https://rutube.ru,benign
,http://uyrureyui.top,phishing
22.0,https://fbcdn.net,benign
717.0,https://mediafire.com,benign
,https://jiffy.care,phishing
,http://jordan-islamic-registration.com,phishing
384.0,https://indeed.com,benign
,http://www.vrtxhk.com/,phishing
93.0,https://wordpress.com,benign
,https://rugscannerai.pages.dev/,phishing
503.0,https://sina.com.cn,benign
895.0,https://tplinknbu.com,benign
83.0,https://office365.com,benign
920.0,https://e-msedge.net,benign
,http://start-coinbase--web.framer.website,phishing
894.0,https://otto.de,benign
,https://milosprt.carrd.co/,phishing
343.0,https://huawei.com,benign
832.0,https://yellowblue.io,benign
,https://www.sppedagiodigital.site/,phishing
800.0,https://ssl-images-amazon.com,benign
812.0,https://python.org,benign
,https://srcontabilidade.pt/proserv/fil.html,phishing
,https://kiqui.com.br/authentication.plala.or/sso.login/login2.php,phishing
846.0,https://dbankcloud.cn,benign
233.0,https://scorecardresearch.com,benign
,http://phanton.pro,phishing
,https://lepolnt.com/,phishing
686.0,https://klaviyo.com,benign
,https://sacksof5the.com/#/login,phishing
675.0,https://byteconnect.io,benign
,https://heineken.eventimf1.com/f1.html?utm_source=organicjLj6925d1566e...,phishing
,https://challengersclub.pro/,phishing
737.0,https://amazon.in,benign
,https://swap-pancake.finance/,phishing
508.0,https://shein.com,benign
,https://ledgelvedownload.created.app/,phishing
939.0,https://corriere.it,benign
959.0,https://playrix.com,benign
,https://acao.jusbrasil.is/consulta.html,phishing
,https://aumentecentral.s3.us-east-005.backblazeb2.com/aumento.html...,phishing
,http://meta-prime-egn.pages.dev,phishing
,https://limpanovembro-ultimodoano.sbs/,phishing
,https://ripio-acceso.begin-auth.com,phishing
,https://tubular-kangaroo-2e6b49.netlify.app/solicitud-prestamo.html,phishing
840.0,https://afilias-nst.info,benign
,https://app.acuityscheduling.com/schedule/c23a2e52,phishing
,https://exclusivofimdeanomlivre.com/754256983,phishing
